id,first_name,last_name,email,gender,ip_address
1,Rollin,Jewks,rjewks0@businesswire.com,Male,200.79.18.94
2,Valle,Eslie,veslie1@uiuc.edu,Male,80.23.253.212
3,Elmore,Sines,esines2@ucoz.com,Male,221.21.20.34
4,Carrissa,Stronack,cstronack3@skyrock.com,Female,217.23.77.101
5,Sherie,Dixcee,sdixcee4@twitpic.com,Genderqueer,6.202.178.246
6,Shalom,Nore,snore5@bbc.co.uk,Male,82.167.191.194
7,Renato,Hablet,rhablet6@is.gd,Bigender,159.154.154.94
8,Barbette,Pomphrett,bpomphrett7@cnet.com,Female,95.97.88.140
9,Zea,Parcell,zparcell8@t.co,Female,35.25.177.113
10,Chrystel,Duggen,cduggen9@scribd.com,Agender,128.176.152.142
11,Alina,Keld,akelda@google.pl,Female,230.203.203.129
12,Diena,Brabben,dbrabbenb@marriott.com,Bigender,108.43.202.219
13,Doroteya,Enrigo,denrigoc@nsw.gov.au,Female,250.114.66.246
14,Archibold,Tysack,atysackd@chronoengine.com,Male,210.115.52.52
15,Dotty,Kinnard,dkinnarde@gov.uk,Female,59.53.153.119
16,Morgun,Cecchi,mcecchif@usda.gov,Male,199.231.253.38
17,Bernadene,Ffrench,bffrenchg@biglobe.ne.jp,Female,114.32.239.10
18,Ricoriki,McManamon,rmcmanamonh@sitemeter.com,Male,88.34.129.42
19,Nikos,MacGillivrie,nmacgillivriei@reference.com,Male,36.189.143.180
20,Addison,De la Eglise,adelaeglisej@gov.uk,Male,223.21.154.82
21,Tracy,Pilkington,tpilkingtonk@hhs.gov,Male,1.136.228.23
22,Kirsteni,Bartusek,kbartusekl@hatena.ne.jp,Female,223.153.24.97
23,Celinda,Tribe,ctribem@angelfire.com,Female,82.136.103.67
24,Heddi,Bernardoni,hbernardonin@omniture.com,Female,189.191.221.21
25,Aldrich,Siddall,asiddallo@wsj.com,Male,174.227.86.243
26,Shelby,Ivens,sivensp@disqus.com,Non-binary,36.223.112.114
27,Lorinda,Top,ltopq@nymag.com,Female,220.198.21.198
28,Alley,Hynes,ahynesr@mediafire.com,Male,251.43.141.66
29,Calla,Sweedy,csweedys@hatena.ne.jp,Female,1.97.171.247
30,Arvin,Dicty,adictyt@bing.com,Bigender,133.255.241.211
31,Gianni,Girodin,ggirodinu@discovery.com,Male,165.164.117.190
32,Urbano,Filippello,ufilippellov@seesaa.net,Male,168.212.77.87
33,Shauna,Farryann,sfarryannw@360.cn,Female,192.94.238.129
34,Worden,Klaves,wklavesx@statcounter.com,Male,89.30.213.72
35,Justen,Heasley,jheasleyy@nih.gov,Male,43.87.45.121
36,Diarmid,Sibly,dsiblyz@barnesandnoble.com,Agender,177.41.224.16
37,Shena,Diaper,sdiaper10@fc2.com,Female,87.205.43.152
38,Erich,Frickey,efrickey11@hp.com,Male,26.111.248.20
39,Jaimie,Jachtym,jjachtym12@free.fr,Female,250.244.213.173
40,Josiah,Dewes,jdewes13@fastcompany.com,Male,155.42.27.137
41,Rosamund,Algar,ralgar14@auda.org.au,Female,168.118.186.38
42,Aube,Whal,awhal15@shop-pro.jp,Agender,167.169.88.36
43,Bryant,Compton,bcompton16@bigcartel.com,Non-binary,190.88.61.171
44,Thacher,Deane,tdeane17@mayoclinic.com,Male,140.178.230.232
45,Nichole,Rodenhurst,nrodenhurst18@mysql.com,Non-binary,37.28.140.12
46,Jabez,Gomer,jgomer19@cyberchimps.com,Male,5.91.143.193
47,Cristin,Wilkisson,cwilkisson1a@prlog.org,Female,117.149.202.14
48,Sharline,Bolstridge,sbolstridge1b@biblegateway.com,Female,79.175.203.225
49,Cory,Pepper,cpepper1c@ameblo.jp,Male,66.43.148.91
50,Lonny,Baudon,lbaudon1d@amazon.com,Male,3.60.64.168
51,Janek,Gamlyn,jgamlyn1e@alexa.com,Male,217.24.13.53
52,Alayne,Janous,ajanous1f@samsung.com,Female,135.103.255.88
53,Boris,Hallowell,bhallowell1g@dell.com,Male,150.122.70.67
54,Janot,Bockh,jbockh1h@taobao.com,Female,104.255.60.178
55,Zak,Pilch,zpilch1i@time.com,Male,94.120.141.233
56,Miguelita,Tows,mtows1j@fotki.com,Female,170.83.163.252
57,Basilio,Pechacek,bpechacek1k@cdc.gov,Male,28.129.5.6
58,Damon,Houlworth,dhoulworth1l@usnews.com,Male,98.208.83.204
59,Joye,Lapworth,jlapworth1m@g.co,Female,168.1.180.136
60,Antonella,Downage,adownage1n@disqus.com,Non-binary,63.97.43.211
61,Shayla,Coathup,scoathup1o@abc.net.au,Female,100.63.107.155
62,Arte,Mathys,amathys1p@hubpages.com,Male,183.168.169.196
63,Ranique,Wyard,rwyard1q@archive.org,Agender,219.228.148.243
64,Obidiah,Capp,ocapp1r@army.mil,Male,95.59.35.42
65,Niles,Grzeszczak,ngrzeszczak1s@blogtalkradio.com,Male,82.59.142.91
66,Augie,Koppen,akoppen1t@xing.com,Agender,231.219.247.147
67,Thea,Scuse,tscuse1u@istockphoto.com,Female,79.15.53.95
68,Anna-diane,Dobrowlski,adobrowlski1v@yale.edu,Female,150.151.221.248
69,Aron,Domini,adomini1w@privacy.gov.au,Male,70.149.255.249
70,Bernarr,Cyples,bcyples1x@salon.com,Male,13.177.54.195
71,Stacy,Clines,sclines1y@altervista.org,Male,99.1.235.148
72,El,Simonaitis,esimonaitis1z@amazonaws.com,Male,2.35.47.0
73,Maurise,Matuszinski,mmatuszinski20@discovery.com,Genderqueer,248.7.207.31
74,Crissy,Buche,cbuche21@mozilla.org,Female,148.159.3.27
75,Lucinda,Rolfini,lrolfini22@xing.com,Female,20.139.206.2
76,Jarid,Acock,jacock23@boston.com,Male,208.177.163.186
77,Loria,Eckery,leckery24@linkedin.com,Female,57.218.27.52
78,Myron,Guppie,mguppie25@ask.com,Male,106.47.241.90
79,Dannie,Ashburne,dashburne26@dailymail.co.uk,Non-binary,25.9.213.216
80,Chrisse,Augustin,caugustin27@issuu.com,Genderfluid,22.31.9.11
81,Haleigh,Piegrome,hpiegrome28@webnode.com,Male,8.194.49.80
82,Jeniffer,Ferraro,jferraro29@mayoclinic.com,Female,237.174.193.119
83,Meryl,Perrone,mperrone2a@aboutads.info,Bigender,247.195.174.2
84,Korrie,Van der Kruijs,kvanderkruijs2b@yelp.com,Female,249.160.237.91
85,Lalo,Prendergrast,lprendergrast2c@google.ru,Male,132.210.121.120
86,Lolita,Coates,lcoates2d@princeton.edu,Agender,124.94.133.100
87,Isobel,Kaman,ikaman2e@forbes.com,Female,80.159.56.132
88,Damon,Dibbs,ddibbs2f@typepad.com,Male,176.199.179.121
89,Jillie,Trow,jtrow2g@sciencedirect.com,Female,14.214.208.216
90,Sari,Fentem,sfentem2h@sakura.ne.jp,Female,151.106.194.159
91,Rayshell,Kennifeck,rkennifeck2i@youtu.be,Female,245.41.82.43
92,Paten,Thewless,pthewless2j@go.com,Male,81.39.87.101
93,Anthea,Eton,aeton2k@ox.ac.uk,Female,218.41.70.193
94,Xena,Blakiston,xblakiston2l@sitemeter.com,Female,241.169.118.98
95,Barbara-anne,Sailes,bsailes2m@a8.net,Female,215.203.4.3
96,Briano,Attack,battack2n@google.co.uk,Male,194.109.251.114
97,Paulina,Scheu,pscheu2o@github.io,Female,35.26.156.145
98,Chen,Breawood,cbreawood2p@geocities.jp,Male,233.37.238.55
99,Donny,MacScherie,dmacscherie2q@oracle.com,Female,143.94.151.19
100,Alessandro,Reditt,areditt2r@baidu.com,Male,88.94.125.141
101,Lauralee,Gainsborough,lgainsborough2s@bbb.org,Female,215.196.169.185
102,Kendra,Millar,kmillar2t@ted.com,Female,124.132.172.190
103,Hailey,Harvatt,hharvatt2u@theglobeandmail.com,Male,136.203.216.152
104,Remy,Richin,rrichin2v@intel.com,Female,16.155.132.214
105,Ollie,Tunnick,otunnick2w@yellowpages.com,Female,199.183.44.47
106,Boot,Kenny,bkenny2x@soup.io,Male,72.60.193.239
107,Genna,Harman,gharman2y@biblegateway.com,Female,54.25.116.254
108,Richy,Dundredge,rdundredge2z@sina.com.cn,Male,6.115.251.63
109,Reade,Sertin,rsertin30@squarespace.com,Male,239.166.95.118
110,Libbi,Perrins,lperrins31@shop-pro.jp,Non-binary,10.152.129.131
111,Ina,Keech,ikeech32@washington.edu,Female,183.208.29.39
112,Zacharie,Colleford,zcolleford33@360.cn,Male,240.176.45.11
113,Misti,Hemms,mhemms34@bravesites.com,Female,189.110.100.74
114,Quintin,Leece,qleece35@cocolog-nifty.com,Male,103.225.131.70
115,Raviv,Ready,rready36@ovh.net,Male,50.14.212.207
116,Buddie,Spinas,bspinas37@netvibes.com,Male,172.204.2.63
117,Armin,Bawdon,abawdon38@mapy.cz,Male,4.12.89.186
118,Even,Monks,emonks39@w3.org,Male,216.191.16.99
119,Corbie,Cromleholme,ccromleholme3a@businesswire.com,Male,95.41.56.32
120,Cristie,Maxfield,cmaxfield3b@blog.com,Female,28.53.18.228
121,Nedi,Marco,nmarco3c@elpais.com,Female,112.236.61.244
122,Vicky,Bruntjen,vbruntjen3d@tmall.com,Female,225.69.209.233
123,Antony,Eilers,aeilers3e@imdb.com,Male,125.20.76.189
124,Minni,Maffia,mmaffia3f@tmall.com,Female,29.158.33.211
125,Levy,Yeend,lyeend3g@discovery.com,Non-binary,113.41.99.246
126,Perry,Plunkett,pplunkett3h@delicious.com,Male,59.218.214.51
127,Gabie,Land,gland3i@baidu.com,Female,129.108.2.144
128,Meredeth,Swinburne,mswinburne3j@jugem.jp,Male,243.254.114.66
129,Robbie,Tarbett,rtarbett3k@angelfire.com,Female,115.145.76.66
130,Gus,Strowthers,gstrowthers3l@discuz.net,Female,219.250.15.200
131,Golda,Torrisi,gtorrisi3m@paginegialle.it,Female,89.224.243.217
132,Doria,Imlock,dimlock3n@github.com,Female,148.2.245.105
133,Pierrette,Painten,ppainten3o@webnode.com,Female,207.123.168.252
134,Mia,Litherborough,mlitherborough3p@twitter.com,Female,144.201.24.119
135,Lenna,Brennen,lbrennen3q@utexas.edu,Female,7.240.159.228
136,Aristotle,Brezlaw,abrezlaw3r@fc2.com,Male,113.81.55.188
137,Nelle,Brewett,nbrewett3s@epa.gov,Female,206.142.109.201
138,Vern,Brody,vbrody3t@newyorker.com,Male,136.242.174.246
139,Westleigh,Tudhope,wtudhope3u@goo.ne.jp,Male,127.62.240.248
140,Elisha,Rosenwald,erosenwald3v@ibm.com,Male,254.104.215.139
141,Abbie,Meenehan,ameenehan3w@google.com.hk,Male,76.239.166.141
142,Eal,Aicheson,eaicheson3x@comcast.net,Male,58.246.168.160
143,Chancey,Phelan,cphelan3y@friendfeed.com,Polygender,229.222.67.246
144,Cordey,Taberer,ctaberer3z@wikia.com,Female,105.35.127.78
145,Hagan,Frisch,hfrisch40@icq.com,Genderqueer,198.89.20.33
146,Bibbye,Harraway,bharraway41@businessinsider.com,Female,20.178.2.144
147,Walton,Semarke,wsemarke42@sina.com.cn,Male,216.43.167.68
148,Maure,Adnett,madnett43@wordpress.com,Genderqueer,129.30.81.16
149,Salaidh,Walkington,swalkington44@bluehost.com,Female,139.204.31.207
150,Alex,Puddefoot,apuddefoot45@cdc.gov,Female,236.75.114.199
151,Wilhelmine,Sawl,wsawl46@vkontakte.ru,Female,119.212.168.172
152,Prince,Dinnage,pdinnage47@yellowbook.com,Male,115.190.66.252
153,Stanley,Sabben,ssabben48@smugmug.com,Male,111.164.150.218
154,Law,Fraser,lfraser49@nytimes.com,Male,194.183.189.199
155,Violante,Cleveley,vcleveley4a@mtv.com,Female,83.124.5.12
156,Giffer,Hockell,ghockell4b@apple.com,Male,191.87.20.139
157,Joaquin,O'Cooney,jocooney4c@aboutads.info,Male,223.43.117.143
158,Averil,Logie,alogie4d@chicagotribune.com,Female,147.7.18.30
159,Jude,Swafford,jswafford4e@sohu.com,Male,122.64.219.47
160,Dalia,Yude,dyude4f@icq.com,Female,254.8.39.142
161,Herbie,Franceschelli,hfranceschelli4g@tuttocitta.it,Male,20.154.224.90
162,Wallie,Sherebrook,wsherebrook4h@wunderground.com,Male,145.173.150.145
163,Brewer,Pountain,bpountain4i@google.de,Bigender,245.66.116.222
164,Jennette,Shemming,jshemming4j@yandex.ru,Female,66.122.223.200
165,Adriano,Skaif,askaif4k@ezinearticles.com,Male,27.126.71.82
166,Mollie,Pirdy,mpirdy4l@yolasite.com,Female,183.112.135.150
167,Gilda,Dainty,gdainty4m@usa.gov,Female,133.233.128.50
168,Mort,Vivien,mvivien4n@xinhuanet.com,Male,22.26.88.132
169,Granny,Yancey,gyancey4o@si.edu,Male,90.5.167.55
170,Clarance,McGarrell,cmcgarrell4p@qq.com,Male,58.174.91.41
171,Warren,Phipp,wphipp4q@eepurl.com,Male,114.165.166.130
172,Libbie,McHaffy,lmchaffy4r@hud.gov,Female,235.69.85.151
173,Jacenta,Thursfield,jthursfield4s@spiegel.de,Female,157.191.24.14
174,Jeni,Jery,jjery4t@mit.edu,Female,99.102.226.19
175,Martino,Fabri,mfabri4u@house.gov,Male,66.129.187.47
176,Glen,Wisam,gwisam4v@ameblo.jp,Male,172.129.126.13
177,Lauren,Egre,legre4w@studiopress.com,Male,55.70.117.5
178,Noble,McRory,nmcrory4x@constantcontact.com,Male,16.191.113.221
179,Jorry,Tremaine,jtremaine4y@123-reg.co.uk,Female,1.103.102.206
180,Alfy,Purdy,apurdy4z@cnet.com,Male,74.188.163.3
181,Alla,Balston,abalston50@jalbum.net,Female,184.149.204.197
182,Ryan,Place,rplace51@tinyurl.com,Male,197.218.74.10
183,Denny,Aery,daery52@yandex.ru,Male,17.239.206.77
184,Bengt,Tubb,btubb53@angelfire.com,Male,86.228.123.170
185,Ashbey,McGing,amcging54@ehow.com,Male,159.14.20.7
186,Rolph,Di Carli,rdicarli55@vkontakte.ru,Male,9.188.36.20
187,Tobin,O' Hanvey,tohanvey56@bloglovin.com,Male,142.26.40.129
188,Maryann,Cadney,mcadney57@tmall.com,Female,151.228.42.0
189,Jone,Eivers,jeivers58@360.cn,Male,168.130.65.186
190,Lynna,Pharo,lpharo59@barnesandnoble.com,Female,8.169.183.61
191,Rose,Cicchinelli,rcicchinelli5a@imageshack.us,Female,223.126.187.166
192,Brian,Shirley,bshirley5b@canalblog.com,Male,28.242.74.151
193,Irv,Shurman,ishurman5c@freewebs.com,Male,172.170.111.133
194,Lucian,Olivari,lolivari5d@a8.net,Male,238.100.69.128
195,Lena,McPhillips,lmcphillips5e@miitbeian.gov.cn,Agender,142.1.110.60
196,Stefania,Matej,smatej5f@noaa.gov,Female,106.86.250.181
197,Amos,Helm,ahelm5g@miibeian.gov.cn,Male,252.233.46.121
198,Hinze,Boissier,hboissier5h@abc.net.au,Male,25.21.90.54
199,Heddie,Challener,hchallener5i@macromedia.com,Female,116.101.246.95
200,Emelia,Luter,eluter5j@usda.gov,Female,153.216.52.34
201,Fidole,Leedes,fleedes5k@businessinsider.com,Male,166.149.110.117
202,Court,Wilkes,cwilkes5l@free.fr,Male,230.36.128.182
203,Florentia,Dufton,fdufton5m@omniture.com,Female,53.249.153.251
204,Danila,Simmins,dsimmins5n@dailymail.co.uk,Female,176.27.255.221
205,Robbyn,Crump,rcrump5o@gnu.org,Female,14.138.227.205
206,Danella,Demaid,ddemaid5p@xrea.com,Female,61.217.30.120
207,Chandal,Wiper,cwiper5q@cafepress.com,Female,61.129.3.239
208,Brien,Yakushkin,byakushkin5r@delicious.com,Male,199.174.24.167
209,Hadley,Capron,hcapron5s@cafepress.com,Male,28.123.81.72
210,Farrand,Haukey,fhaukey5t@webnode.com,Female,145.76.41.242
211,Hulda,DeSousa,hdesousa5u@woothemes.com,Female,203.79.207.130
212,Glynnis,Albury,galbury5v@hao123.com,Female,222.122.193.45
213,Rich,Scrammage,rscrammage5w@digg.com,Male,178.61.216.61
214,Leopold,Evason,levason5x@sciencedirect.com,Male,176.150.127.61
215,Paquito,Theml,ptheml5y@wordpress.com,Male,149.218.31.255
216,Elia,Robichon,erobichon5z@creativecommons.org,Male,79.116.198.59
217,Moyna,Ruslinge,mruslinge60@cbslocal.com,Female,37.195.192.210
218,Magda,McCully,mmccully61@wikispaces.com,Bigender,114.255.95.130
219,Alta,Garaway,agaraway62@a8.net,Female,58.108.75.4
220,Glynn,Doreward,gdoreward63@people.com.cn,Male,32.115.107.66
221,Corabel,Suddaby,csuddaby64@sogou.com,Female,92.98.191.238
222,Renata,Cusack,rcusack65@cmu.edu,Female,203.86.106.212
223,Casi,Gloves,cgloves66@parallels.com,Female,139.64.169.191
224,Hermie,Titchard,htitchard67@usda.gov,Male,126.69.170.83
225,Chilton,Rettie,crettie68@scribd.com,Male,203.151.30.112
226,Janene,Petlyura,jpetlyura69@cloudflare.com,Female,245.214.55.31
227,Bertrand,Lokier,blokier6a@miibeian.gov.cn,Male,4.80.46.241
228,Rosamund,Dominetti,rdominetti6b@t-online.de,Agender,44.140.221.88
229,Toddie,Peizer,tpeizer6c@xing.com,Male,86.117.65.82
230,Joeann,Frazier,jfrazier6d@prweb.com,Female,167.46.151.221
231,Mollee,Thurman,mthurman6e@youtube.com,Female,98.195.237.153
232,Angie,Hedde,ahedde6f@stanford.edu,Female,123.20.112.106
233,Darcy,MacRedmond,dmacredmond6g@pen.io,Male,110.52.73.165
234,Moselle,Lorenzini,mlorenzini6h@free.fr,Female,149.152.59.61
235,Daune,Burnham,dburnham6i@deviantart.com,Bigender,44.77.107.0
236,Rolando,Harmour,rharmour6j@mtv.com,Male,59.231.105.250
237,Aymer,Swale,aswale6k@cam.ac.uk,Male,198.15.166.183
238,Denny,Breens,dbreens6l@scientificamerican.com,Male,168.196.125.18
239,Tedd,Gorhardt,tgorhardt6m@noaa.gov,Male,181.119.105.39
240,Putnam,MacMeeking,pmacmeeking6n@liveinternet.ru,Male,79.233.120.238
241,Abbie,McGeachie,amcgeachie6o@vinaora.com,Female,233.6.91.22
242,Minor,Conigsby,mconigsby6p@deliciousdays.com,Male,164.71.157.24
243,Flossy,Ummfrey,fummfrey6q@studiopress.com,Female,180.81.47.144
244,Elka,Rose,erose6r@sphinn.com,Agender,225.24.55.99
245,Gretta,Wilfing,gwilfing6s@quantcast.com,Female,241.146.231.154
246,King,Gilder,kgilder6t@deviantart.com,Male,151.234.141.64
247,Tulley,Coulling,tcoulling6u@latimes.com,Male,157.166.143.68
248,Valery,Christofle,vchristofle6v@1und1.de,Female,210.211.186.41
249,Ashlan,Craske,acraske6w@icio.us,Female,213.126.244.165
250,Benedikt,Macon,bmacon6x@wisc.edu,Male,62.249.1.224
251,Stephine,Ortler,sortler6y@ed.gov,Female,69.201.23.155
252,Wilmer,Velez,wvelez6z@usa.gov,Male,120.4.147.247
253,Dot,Joseland,djoseland70@samsung.com,Female,235.0.117.1
254,Skye,Feye,sfeye71@dmoz.org,Male,210.173.23.165
255,Pat,Lyles,plyles72@indiegogo.com,Male,101.56.77.27
256,Corbie,Halson,chalson73@craigslist.org,Male,206.157.136.204
257,Laurene,Brotherton,lbrotherton74@indiegogo.com,Female,156.126.146.100
258,Patrizia,Meredyth,pmeredyth75@salon.com,Female,215.137.253.169
259,Antons,Gianninotti,agianninotti76@seattletimes.com,Male,167.225.67.11
260,Ray,Sebborn,rsebborn77@shareasale.com,Male,59.93.139.54
261,Lind,Fairman,lfairman78@macromedia.com,Female,191.21.204.115
262,Miran,Klos,mklos79@parallels.com,Female,109.6.230.240
263,Karoly,Poyner,kpoyner7a@marriott.com,Female,17.94.240.135
264,Homere,Agott,hagott7b@wix.com,Male,100.244.204.200
265,Jethro,Crosdill,jcrosdill7c@mozilla.org,Male,132.40.206.207
266,Powell,Terbeck,pterbeck7d@gov.uk,Male,187.199.124.219
267,Malorie,Astling,mastling7e@goo.ne.jp,Non-binary,143.39.139.104
268,Dollie,Kondratovich,dkondratovich7f@earthlink.net,Female,111.81.188.197
269,Gardie,Noweak,gnoweak7g@ox.ac.uk,Male,106.12.42.202
270,Cacilia,Round,cround7h@newyorker.com,Female,80.110.134.231
271,Jacinta,McConnel,jmcconnel7i@addtoany.com,Female,234.235.227.23
272,Vivienne,Kalderon,vkalderon7j@japanpost.jp,Female,24.12.31.193
273,Emlynne,Weekes,eweekes7k@yellowpages.com,Female,229.151.200.227
274,Klemens,Woloschin,kwoloschin7l@wikimedia.org,Male,217.158.126.124
275,Gustave,Brunelleschi,gbrunelleschi7m@wufoo.com,Male,97.59.49.150
276,Mellie,Tureville,mtureville7n@4shared.com,Female,88.99.37.81
277,Fraser,Mudie,fmudie7o@foxnews.com,Male,114.155.110.191
278,Natty,Josefovic,njosefovic7p@nymag.com,Male,153.92.31.240
279,Ruggiero,Holtaway,rholtaway7q@unesco.org,Male,245.19.89.236
280,Dov,Moncrieffe,dmoncrieffe7r@phoca.cz,Male,55.8.125.245
281,Krystal,Flippelli,kflippelli7s@infoseek.co.jp,Female,163.86.72.12
282,Kala,Adderson,kadderson7t@creativecommons.org,Female,59.43.57.198
283,Genevra,Burghall,gburghall7u@lycos.com,Female,239.125.226.155
284,Orville,Yakovl,oyakovl7v@cdc.gov,Male,151.240.119.197
285,Ximenes,Robelet,xrobelet7w@stumbleupon.com,Male,94.164.177.38
286,Graehme,Naughton,gnaughton7x@geocities.jp,Male,255.105.0.98
287,Raynell,Bartles,rbartles7y@i2i.jp,Female,217.203.1.220
288,Ricki,Gianasi,rgianasi7z@nyu.edu,Male,192.9.193.95
289,Julietta,By,jby80@cargocollective.com,Genderfluid,59.240.157.64
290,Nickolai,Kimmons,nkimmons81@macromedia.com,Male,113.117.181.135
291,Tiphany,Piggin,tpiggin82@nature.com,Female,204.223.41.113
292,Corina,Tart,ctart83@yale.edu,Genderqueer,90.10.19.237
293,Raquel,Gregori,rgregori84@soundcloud.com,Female,212.244.104.228
294,Mayer,Walls,mwalls85@godaddy.com,Genderfluid,21.174.195.196
295,Gretel,Baelde,gbaelde86@multiply.com,Female,170.21.252.139
296,Othelia,Stidson,ostidson87@usgs.gov,Female,166.102.3.59
297,Davin,Molan,dmolan88@discuz.net,Male,61.206.71.65
298,Eamon,Matuszkiewicz,ematuszkiewicz89@wp.com,Male,190.205.232.26
299,Damara,Lynde,dlynde8a@chicagotribune.com,Polygender,165.170.142.37
300,Nannie,Chantler,nchantler8b@ted.com,Polygender,74.108.53.130
301,Almeria,Pilgram,apilgram8c@thetimes.co.uk,Female,50.142.32.127
302,Jamie,Pymar,jpymar8d@ebay.com,Female,55.223.127.39
303,Mabel,Vannah,mvannah8e@sina.com.cn,Female,46.105.3.248
304,Talbot,Mackstead,tmackstead8f@buzzfeed.com,Male,62.5.173.238
305,Alain,Scotts,ascotts8g@mapquest.com,Male,216.91.77.159
306,Ludwig,Daybell,ldaybell8h@bravesites.com,Male,223.82.153.215
307,Peirce,Jaffrey,pjaffrey8i@cdc.gov,Male,96.17.105.65
308,Perl,Martinez,pmartinez8j@hp.com,Female,82.158.135.230
309,Darbee,Attawell,dattawell8k@sourceforge.net,Male,209.100.232.131
310,Christel,Buyers,cbuyers8l@wufoo.com,Female,44.161.7.87
311,Gaby,Esler,gesler8m@ustream.tv,Female,88.133.170.246
312,Solly,Collaton,scollaton8n@mit.edu,Male,45.6.38.224
313,Angelita,Braker,abraker8o@ycombinator.com,Female,246.194.117.141
314,Ulysses,Robbert,urobbert8p@multiply.com,Male,206.31.73.133
315,Chelsea,Gentner,cgentner8q@wordpress.com,Female,186.194.50.158
316,Hayden,Slainey,hslainey8r@scribd.com,Male,86.85.162.225
317,Gareth,Bratt,gbratt8s@accuweather.com,Male,206.111.88.53
318,Ynez,Shillingford,yshillingford8t@wix.com,Female,167.248.124.42
319,Julina,Marryatt,jmarryatt8u@w3.org,Female,156.9.183.107
320,Elsi,Tollet,etollet8v@usda.gov,Female,46.29.60.19
321,Tonie,Dinnington,tdinnington8w@wp.com,Female,103.206.139.32
322,Rania,Flippen,rflippen8x@state.tx.us,Female,138.210.135.139
323,Ebenezer,Harrinson,eharrinson8y@oracle.com,Male,10.110.82.25
324,Tiebold,Fores,tfores8z@comcast.net,Male,209.88.66.172
325,Electra,McNickle,emcnickle90@soup.io,Female,83.155.226.193
326,Cliff,Phippin,cphippin91@delicious.com,Male,91.104.65.165
327,Bonnibelle,Dormand,bdormand92@archive.org,Female,61.132.122.80
328,Roger,Jerrold,rjerrold93@gizmodo.com,Male,81.202.194.77
329,Gracia,Tolemache,gtolemache94@ovh.net,Female,20.91.97.160
330,Marne,Viner,mviner95@fastcompany.com,Female,56.22.8.2
331,Ilyssa,Roads,iroads96@nationalgeographic.com,Agender,182.46.58.19
332,Isobel,Scroggie,iscroggie97@dedecms.com,Female,63.144.170.241
333,Maegan,Deller,mdeller98@so-net.ne.jp,Female,38.4.206.52
334,Gelya,Orrom,gorrom99@nih.gov,Female,243.111.127.53
335,Rosemonde,Karpychev,rkarpychev9a@hc360.com,Genderfluid,100.49.192.250
336,Malvina,Matteoni,mmatteoni9b@wikimedia.org,Female,251.224.194.254
337,Antonin,Leopold,aleopold9c@creativecommons.org,Male,59.71.8.197
338,Mattie,Fifoot,mfifoot9d@addthis.com,Female,199.112.10.202
339,Chevalier,Thomke,cthomke9e@cdbaby.com,Male,247.44.12.40
340,Jena,Corneljes,jcorneljes9f@telegraph.co.uk,Female,72.231.11.53
341,Salim,Giggie,sgiggie9g@weebly.com,Male,28.242.82.54
342,Ciro,Oliphand,coliphand9h@pagesperso-orange.fr,Male,166.90.54.3
343,Jamison,McGlaud,jmcglaud9i@japanpost.jp,Male,142.251.254.216
344,Angus,Geffen,ageffen9j@1688.com,Male,196.92.191.110
345,Gustavus,Sheehan,gsheehan9k@bizjournals.com,Male,36.25.37.62
346,Harmony,Yurikov,hyurikov9l@netscape.com,Female,175.239.89.164
347,Ronald,Pollendine,rpollendine9m@furl.net,Male,36.5.48.125
348,Jayne,Eskell,jeskell9n@artisteer.com,Female,108.182.175.231
349,Conway,Berney,cberney9o@msu.edu,Male,107.61.22.180
350,Gerhardine,Nekrews,gnekrews9p@java.com,Female,142.196.144.64
351,Brooks,Tattoo,btattoo9q@blogspot.com,Male,73.28.0.81
352,Rea,McFadzean,rmcfadzean9r@com.com,Female,195.90.79.96
353,Juliann,Johananov,jjohananov9s@issuu.com,Female,26.160.84.240
354,Ignatius,Klimov,iklimov9t@multiply.com,Male,68.146.136.167
355,Ciro,Grandin,cgrandin9u@va.gov,Male,176.69.202.213
356,Chuck,Flack,cflack9v@unblog.fr,Male,249.130.243.80
357,Albie,O'Griffin,aogriffin9w@hatena.ne.jp,Male,199.116.150.60
358,Nate,Dacres,ndacres9x@kickstarter.com,Male,213.249.87.244
359,Merrielle,Drysdell,mdrysdell9y@aol.com,Agender,105.176.122.244
360,Ivory,Fullun,ifullun9z@elpais.com,Female,207.250.190.172
361,Odo,Roan,oroana0@cnn.com,Male,250.210.205.67
362,Marje,Reucastle,mreucastlea1@sfgate.com,Female,232.31.181.56
363,Wilt,Klaas,wklaasa2@privacy.gov.au,Male,17.175.116.111
364,Arthur,Kid,akida3@123-reg.co.uk,Male,42.159.170.79
365,Alisander,Stewart,astewarta4@uiuc.edu,Male,129.29.79.114
366,Amby,Wessing,awessinga5@harvard.edu,Male,56.209.145.194
367,Stearne,Gricewood,sgricewooda6@independent.co.uk,Polygender,44.168.239.25
368,Cos,Stancliffe,cstancliffea7@ftc.gov,Male,41.126.79.176
369,Tiphany,Grimstead,tgrimsteada8@pbs.org,Bigender,91.183.67.10
370,Thaddus,Atyeo,tatyeoa9@webnode.com,Agender,2.61.139.197
371,Winthrop,Bennis,wbennisaa@mozilla.org,Male,210.30.32.218
372,Stanislaw,Kubica,skubicaab@parallels.com,Male,206.224.223.167
373,Sissy,Breslau,sbreslauac@samsung.com,Female,74.237.203.112
374,Ketti,Reggiani,kreggianiad@nytimes.com,Female,141.186.20.173
375,Myles,Mash,mmashae@google.com.au,Male,88.4.199.106
376,Laural,Havill,lhavillaf@flavors.me,Female,40.8.89.128
377,Mella,Andrys,mandrysag@noaa.gov,Female,27.2.252.225
378,Windy,Riguard,wriguardah@furl.net,Female,220.245.30.222
379,Flem,Wogan,fwoganai@oakley.com,Male,88.161.3.84
380,Nelson,MacKeogh,nmackeoghaj@w3.org,Male,21.131.30.213
381,Ozzy,Birtwistle,obirtwistleak@wisc.edu,Male,22.242.73.199
382,Dietrich,Maden,dmadenal@seattletimes.com,Male,187.6.72.98
383,Siobhan,Loach,sloacham@barnesandnoble.com,Female,81.41.162.87
384,Gabbey,Lingard,glingardan@wordpress.org,Female,99.200.117.64
385,Hurley,Hassent,hhassentao@seattletimes.com,Male,207.18.37.185
386,Marlena,Witherington,mwitheringtonap@studiopress.com,Female,171.3.134.98
387,Gay,Emerson,gemersonaq@ted.com,Female,153.22.242.175
388,Arlena,Cosgreave,acosgreavear@house.gov,Female,242.240.59.199
389,Madella,Campanelli,mcampanellias@yandex.ru,Genderqueer,72.148.53.241
390,Hedvige,Walden,hwaldenat@virginia.edu,Female,180.173.250.152
391,Dorothy,Form,dformau@hhs.gov,Female,88.119.45.37
392,Denys,Hyndson,dhyndsonav@biglobe.ne.jp,Female,255.253.29.11
393,Cherye,Stoven,cstovenaw@netvibes.com,Female,28.95.114.138
394,Lisabeth,Ganforth,lganforthax@umn.edu,Female,52.144.22.51
395,Sammy,De Normanville,sdenormanvilleay@nifty.com,Male,199.162.47.168
396,Xever,Trowill,xtrowillaz@newsvine.com,Male,189.174.142.103
397,Rebecca,Sallis,rsallisb0@amazon.co.jp,Female,30.114.145.10
398,Deidre,Moyles,dmoylesb1@irs.gov,Female,223.210.29.249
399,Fredrick,Clague,fclagueb2@weibo.com,Male,122.43.124.97
400,Gwendolen,Riddington,griddingtonb3@360.cn,Bigender,208.197.198.243
401,Kristyn,Gheerhaert,kgheerhaertb4@canalblog.com,Female,232.99.141.67
402,Niven,Wolfendell,nwolfendellb5@nasa.gov,Agender,112.125.210.131
403,Ariana,Fasham,afashamb6@buzzfeed.com,Female,55.122.212.173
404,Jeremiah,Ewbank,jewbankb7@scribd.com,Male,104.222.129.251
405,Hugues,Giff,hgiffb8@php.net,Male,14.138.156.69
406,Dimitry,Gother,dgotherb9@free.fr,Genderfluid,69.127.105.252
407,Colas,Klimashevich,cklimashevichba@marriott.com,Male,91.227.253.219
408,Renault,Itzhaiek,ritzhaiekbb@fda.gov,Male,124.219.42.82
409,Chrotoem,Terrett,cterrettbc@wunderground.com,Male,198.0.190.5
410,Margaretta,MacAlpyne,mmacalpynebd@opensource.org,Female,108.16.85.161
411,Dulsea,Bettlestone,dbettlestonebe@mapquest.com,Female,118.112.241.81
412,Whitney,Glason,wglasonbf@macromedia.com,Female,198.8.55.248
413,Adria,Parmenter,aparmenterbg@163.com,Female,227.95.21.121
414,Terese,Rickell,trickellbh@tiny.cc,Female,247.211.209.28
415,Antoni,Margery,amargerybi@163.com,Male,195.85.226.52
416,Rodi,Oaks,roaksbj@google.com.hk,Female,47.239.91.68
417,Lana,Stanesby,lstanesbybk@sogou.com,Female,254.187.139.184
418,Angus,Ellings,aellingsbl@intel.com,Male,133.68.2.109
419,Rosella,Possa,rpossabm@nytimes.com,Female,47.191.85.207
420,Cristal,Cleugh,ccleughbn@ucla.edu,Female,241.180.211.140
421,Julius,Fletcher,jfletcherbo@ameblo.jp,Male,194.165.86.221
422,Halimeda,Carlton,hcarltonbp@salon.com,Polygender,182.136.40.35
423,Isidora,Kingswoode,ikingswoodebq@bizjournals.com,Genderfluid,207.159.12.70
424,Maxine,Trace,mtracebr@nature.com,Female,103.104.207.75
425,Charis,Elmes,celmesbs@mediafire.com,Female,141.140.211.225
426,Euphemia,Rubinowitch,erubinowitchbt@economist.com,Female,14.186.22.88
427,Erma,Lebond,elebondbu@printfriendly.com,Female,173.49.239.156
428,Correy,Shackesby,cshackesbybv@live.com,Male,216.184.176.18
429,Ram,McKirdy,rmckirdybw@bravesites.com,Male,30.15.167.102
430,Biddie,Cokly,bcoklybx@abc.net.au,Female,237.28.49.182
431,Dallis,Grinishin,dgrinishinby@gnu.org,Male,31.251.110.65
432,Dulciana,Thulborn,dthulbornbz@pagesperso-orange.fr,Female,144.54.187.65
433,Quentin,Giuron,qgiuronc0@arstechnica.com,Male,207.39.67.161
434,Bernete,Cordey,bcordeyc1@e-recht24.de,Female,10.148.194.59
435,Philomena,Creasy,pcreasyc2@list-manage.com,Genderfluid,228.139.243.164
436,Zacharias,Stroband,zstrobandc3@delicious.com,Male,26.254.194.235
437,Dix,Broadey,dbroadeyc4@columbia.edu,Female,252.118.240.10
438,Aretha,Janway,ajanwayc5@cdbaby.com,Female,226.25.229.247
439,Ruddy,Petyankin,rpetyankinc6@goo.gl,Male,7.19.74.175
440,Darin,Sinden,dsindenc7@meetup.com,Male,68.15.241.230
441,Rosamond,Habergham,rhaberghamc8@thetimes.co.uk,Female,7.228.124.241
442,Simeon,Jackson,sjacksonc9@discovery.com,Male,80.175.207.39
443,Blondie,Batha,bbathaca@netvibes.com,Female,183.68.45.173
444,Judd,Clarabut,jclarabutcb@diigo.com,Male,238.174.12.67
445,Jasper,Lavielle,jlaviellecc@cnn.com,Non-binary,240.178.94.194
446,Dorette,Skewes,dskewescd@shop-pro.jp,Polygender,131.246.255.66
447,Edouard,Litster,elitsterce@bloglines.com,Male,122.99.97.90
448,Wilmar,Kahler,wkahlercf@webs.com,Genderqueer,18.44.70.166
449,Ebonee,Stairmand,estairmandcg@whitehouse.gov,Female,131.145.209.174
450,Shaw,Scudder,sscudderch@prweb.com,Male,136.124.135.44
451,Lenard,Glayzer,lglayzerci@yahoo.co.jp,Male,179.227.201.219
452,Waylen,Adey,wadeycj@xinhuanet.com,Male,48.128.209.115
453,Herculie,Sidden,hsiddenck@t-online.de,Male,104.210.137.187
454,Sharyl,Thorsen,sthorsencl@jugem.jp,Female,231.45.21.238
455,Penny,Phizacklea,pphizackleacm@mediafire.com,Male,2.102.30.229
456,Vance,Yurygyn,vyurygyncn@nyu.edu,Male,82.51.150.38
457,Kiley,Charlet,kcharletco@e-recht24.de,Genderfluid,66.146.192.198
458,Shem,Billingham,sbillinghamcp@newyorker.com,Male,4.162.238.179
459,Evie,Philpin,ephilpincq@dailymail.co.uk,Female,42.17.12.94
460,Elroy,Ellson,eellsoncr@soundcloud.com,Male,55.224.69.241
461,Barbi,Whitefoot,bwhitefootcs@nifty.com,Female,8.73.173.153
462,Johann,Ingreda,jingredact@msu.edu,Male,71.145.122.53
463,Ellwood,Glazebrook,eglazebrookcu@skype.com,Male,242.182.231.209
464,Brittni,Marians,bmarianscv@foxnews.com,Female,13.155.110.167
465,Olivette,Hamblen,ohamblencw@biblegateway.com,Female,190.54.201.82
466,Debbie,Lindemann,dlindemanncx@sciencedirect.com,Female,229.119.199.191
467,Emmey,Crichton,ecrichtoncy@ibm.com,Female,238.76.70.153
468,Staford,Bodell,sbodellcz@mediafire.com,Male,185.175.102.223
469,Benedikta,Romaint,bromaintd0@reddit.com,Female,92.135.12.191
470,Prudi,Stetlye,pstetlyed1@comcast.net,Female,59.28.188.58
471,Vittoria,Guiot,vguiotd2@imageshack.us,Female,69.35.207.254
472,Fionnula,Fourmy,ffourmyd3@eventbrite.com,Female,131.187.62.98
473,Corena,Shawcroft,cshawcroftd4@zdnet.com,Female,192.210.68.87
474,Bendick,Sicely,bsicelyd5@wikia.com,Male,156.220.154.132
475,Shaine,Scruby,sscrubyd6@telegraph.co.uk,Male,178.184.97.36
476,Davina,Scorah,dscorahd7@nyu.edu,Female,0.224.136.124
477,Gaultiero,Shale,gshaled8@vk.com,Male,58.99.185.122
478,Ase,Bogges,aboggesd9@netscape.com,Male,95.157.60.166
479,Zared,Furphy,zfurphyda@wordpress.org,Male,78.198.32.188
480,Ashton,Wakefield,awakefielddb@wufoo.com,Male,68.93.66.107
481,Donny,Weyman,dweymandc@baidu.com,Male,41.225.131.239
482,Arron,Backhouse,abackhousedd@usa.gov,Male,21.94.158.149
483,Kari,Bakey,kbakeyde@w3.org,Female,67.67.115.227
484,Rica,Hellwig,rhellwigdf@devhub.com,Female,154.117.246.130
485,Slade,Roelofsen,sroelofsendg@freewebs.com,Male,66.99.244.53
486,Cissy,Dibbe,cdibbedh@wp.com,Female,139.205.149.30
487,Rey,Roseblade,rrosebladedi@cbc.ca,Female,194.44.15.11
488,Goldarina,Roberts,grobertsdj@gmpg.org,Female,231.200.76.133
489,Trisha,Doag,tdoagdk@microsoft.com,Female,115.58.178.248
490,Quinton,Morton,qmortondl@123-reg.co.uk,Male,14.152.72.162
491,Pincas,Tieman,ptiemandm@yandex.ru,Male,210.216.229.168
492,Idalia,Alvarado,ialvaradodn@psu.edu,Female,149.54.219.68
493,Enriqueta,Chicken,echickendo@yelp.com,Female,249.80.79.90
494,Lyndsey,Nern,lnerndp@cnbc.com,Female,211.140.243.141
495,Jojo,Hulme,jhulmedq@seesaa.net,Female,246.108.227.158
496,Tremayne,Henriquet,thenriquetdr@economist.com,Male,243.101.91.164
497,Alphonse,Jennings,ajenningsds@surveymonkey.com,Male,199.230.201.95
498,Blayne,McGrae,bmcgraedt@soundcloud.com,Male,109.75.56.56
499,Louis,Fittes,lfittesdu@home.pl,Male,207.78.70.148
500,Beverlee,Grimes,bgrimesdv@bizjournals.com,Female,157.194.209.233
501,Cly,Dockree,cdockreedw@si.edu,Male,25.96.214.169
502,Arvy,Moorrud,amoorruddx@jiathis.com,Male,192.19.136.23
503,Christine,Brockbank,cbrockbankdy@nytimes.com,Female,199.40.124.103
504,Rheta,Cocker,rcockerdz@discovery.com,Female,37.100.56.179
505,Wiley,Ivashechkin,wivashechkine0@adobe.com,Male,245.120.137.46
506,Karry,Flintoffe,kflintoffee1@weather.com,Female,63.89.222.79
507,Josh,O'Sullivan,josullivane2@dyndns.org,Male,246.30.8.100
508,Shermy,Carles,scarlese3@biglobe.ne.jp,Male,158.225.50.179
509,Jacquelin,Rambaut,jrambaute4@cam.ac.uk,Female,75.232.41.252
510,Boonie,Harme,bharmee5@hubpages.com,Male,28.133.41.170
511,Sibelle,Rymour,srymoure6@meetup.com,Female,47.241.149.6
512,Ainslee,Darcy,adarcye7@skype.com,Female,4.76.219.118
513,Daune,Rosenfelder,drosenfeldere8@cpanel.net,Female,141.116.118.214
514,Richy,Quarry,rquarrye9@joomla.org,Male,236.107.91.6
515,Wheeler,Gaughan,wgaughanea@about.me,Male,173.185.71.154
516,Jenica,Hartridge,jhartridgeeb@bizjournals.com,Female,26.125.175.124
517,Wood,Jacmard,wjacmardec@altervista.org,Male,179.53.137.229
518,Darsie,Matthessen,dmatthessened@de.vu,Female,96.110.111.184
519,Berkeley,Diggell,bdiggellee@dagondesign.com,Male,41.232.210.227
520,Iorgo,Rabbet,irabbetef@bloglovin.com,Male,248.29.253.3
521,Odilia,Sevin,osevineg@unblog.fr,Female,74.223.217.110
522,Cherie,Sibbson,csibbsoneh@live.com,Female,159.23.208.71
523,Goddard,Reaper,greaperei@flavors.me,Male,234.248.220.18
524,Lizette,Oliver-Paull,loliverpaullej@icio.us,Female,228.209.145.66
525,Matias,Lowther,mlowtherek@moonfruit.com,Male,75.32.228.7
526,Alverta,Howsan,ahowsanel@sphinn.com,Genderqueer,124.149.36.56
527,Jenni,Putt,jputtem@list-manage.com,Female,36.187.57.146
528,Hermia,Coppin,hcoppinen@bluehost.com,Female,36.85.255.154
529,Jenifer,Philot,jphiloteo@buzzfeed.com,Female,231.147.204.209
530,Delia,Eastbury,deastburyep@addthis.com,Female,252.206.171.3
531,Thornton,Tute,ttuteeq@ovh.net,Male,8.152.10.239
532,Edik,Coulthard,ecoultharder@wufoo.com,Male,34.144.175.253
533,Rosella,Richford,rrichfordes@sphinn.com,Female,68.178.152.226
534,Rich,Aysik,raysiket@ning.com,Male,227.246.170.84
535,Vanessa,Downs,vdownseu@hostgator.com,Polygender,70.218.171.117
536,Lynnet,Amdohr,lamdohrev@arizona.edu,Female,174.137.95.62
537,Caryn,Rapsey,crapseyew@wiley.com,Female,195.95.70.143
538,Nat,Kulicke,nkulickeex@angelfire.com,Male,222.215.123.244
539,Tootsie,Picard,tpicardey@drupal.org,Female,108.25.78.56
540,Tamas,Moreinu,tmoreinuez@blogtalkradio.com,Male,115.218.113.193
541,Pia,Dimic,pdimicf0@ftc.gov,Female,54.70.186.110
542,Allx,Gregoretti,agregorettif1@state.tx.us,Female,134.195.220.114
543,Tera,Nevett,tnevettf2@weebly.com,Female,234.212.26.207
544,Josiah,Lobell,jlobellf3@prlog.org,Male,71.137.208.122
545,Court,Vanyarkin,cvanyarkinf4@pen.io,Male,152.209.112.93
546,Lee,Greenmon,lgreenmonf5@example.com,Male,107.224.54.154
547,Jared,Cajkler,jcajklerf6@blinklist.com,Male,222.248.98.117
548,Cara,Dymott,cdymottf7@nba.com,Female,245.154.195.183
549,Pat,Ealam,pealamf8@marketwatch.com,Male,174.185.78.4
550,Gweneth,Shawyer,gshawyerf9@cnn.com,Female,46.42.63.104
551,Coleen,Martyn,cmartynfa@webeden.co.uk,Female,244.235.179.178
552,Mariejeanne,Luchelli,mluchellifb@sina.com.cn,Female,114.100.99.240
553,Phillie,Stroband,pstrobandfc@flickr.com,Female,56.5.233.37
554,Ardelis,Clarke-Williams,aclarkewilliamsfd@mapquest.com,Female,189.219.2.152
555,Onfroi,Sowman,osowmanfe@photobucket.com,Male,224.209.101.69
556,Marylinda,Linden,mlindenff@globo.com,Female,118.240.26.255
557,Baudoin,Dunklee,bdunkleefg@godaddy.com,Male,50.205.85.15
558,Prissie,Capper,pcapperfh@hugedomains.com,Female,115.86.166.72
559,Ferdinande,Wyllie,fwylliefi@lycos.com,Female,177.143.182.46
560,Peyter,Woof,pwooffj@indiegogo.com,Male,212.34.145.28
561,Kaye,Eskriet,keskrietfk@cdbaby.com,Non-binary,159.94.145.105
562,Laina,Godar,lgodarfl@prnewswire.com,Female,156.72.197.91
563,Holly-anne,Follen,hfollenfm@indiegogo.com,Female,95.97.50.163
564,Royall,Pickaver,rpickaverfn@techcrunch.com,Male,74.118.131.90
565,Leeann,D'Oyley,ldoyleyfo@bloglines.com,Female,50.6.61.172
566,Illa,Barbara,ibarbarafp@ycombinator.com,Genderqueer,52.214.40.29
567,Bonni,Caldaro,bcaldarofq@shutterfly.com,Female,38.30.225.200
568,Devlen,Lundie,dlundiefr@tinyurl.com,Male,76.25.141.19
569,Juliette,Fogt,jfogtfs@ifeng.com,Female,28.79.148.38
570,Richmound,Darco,rdarcoft@ca.gov,Male,83.123.250.197
571,Von,Masters,vmastersfu@g.co,Male,14.184.129.230
572,Lettie,Kubal,lkubalfv@tamu.edu,Female,94.170.191.252
573,Koressa,Vasyaev,kvasyaevfw@is.gd,Female,143.242.40.78
574,Allison,Garner,agarnerfx@discuz.net,Female,253.218.166.208
575,Bertram,Riba,bribafy@sciencedirect.com,Male,82.255.164.171
576,Jabez,Stiegers,jstiegersfz@uol.com.br,Male,44.113.171.57
577,Jeanelle,Bartoszinski,jbartoszinskig0@ow.ly,Female,92.223.126.70
578,Aldous,Rodwell,arodwellg1@jalbum.net,Male,13.111.138.140
579,Merrel,Witcherley,mwitcherleyg2@bbb.org,Male,209.195.57.36
580,Selby,Songust,ssongustg3@linkedin.com,Male,23.111.69.241
581,Terrence,Younge,tyoungeg4@nba.com,Male,151.253.68.61
582,Tremaine,Lexa,tlexag5@disqus.com,Male,62.93.29.143
583,Eduard,Lyard,elyardg6@mtv.com,Male,150.156.159.40
584,Anatol,Bridgewood,abridgewoodg7@ezinearticles.com,Male,233.247.12.218
585,Hugo,Ogle,hogleg8@youtu.be,Male,250.2.133.201
586,Danica,Marcome,dmarcomeg9@live.com,Female,1.60.164.48
587,Aaron,George,ageorgega@about.com,Male,27.41.1.251
588,Glennis,Shimony,gshimonygb@hp.com,Female,63.185.31.148
589,Reade,Oxburgh,roxburghgc@aol.com,Male,229.147.156.176
590,Hewitt,Jekyll,hjekyllgd@newsvine.com,Male,98.210.31.161
591,Lloyd,Ledekker,lledekkerge@hibu.com,Male,4.105.143.149
592,Marco,Cheves,mchevesgf@yandex.ru,Male,222.58.215.65
593,Humphrey,Goakes,hgoakesgg@google.pl,Bigender,247.132.223.166
594,Hagan,Insko,hinskogh@arstechnica.com,Male,255.41.57.9
595,Whitney,Shmyr,wshmyrgi@ifeng.com,Male,180.40.79.100
596,Gannie,Jakobssen,gjakobssengj@nationalgeographic.com,Male,88.80.221.77
597,Melitta,Million,mmilliongk@newsvine.com,Female,156.86.55.163
598,Gabey,Towse,gtowsegl@psu.edu,Female,190.97.233.50
599,Lynett,Wartonby,lwartonbygm@google.ca,Female,242.143.48.68
600,Rea,Ayrton,rayrtongn@xrea.com,Female,239.64.151.40
601,Garey,Wagstaffe,gwagstaffego@creativecommons.org,Male,177.28.166.245
602,Zitella,Whitchurch,zwhitchurchgp@1688.com,Female,64.42.202.9
603,Ezri,Massenhove,emassenhovegq@nhs.uk,Male,160.220.101.204
604,Ava,Cornwall,acornwallgr@jiathis.com,Female,49.201.28.211
605,Philly,Etchell,petchellgs@wikia.com,Female,164.23.235.252
606,Allyce,Reisen,areisengt@time.com,Female,91.238.165.136
607,Thoma,Avraham,tavrahamgu@dropbox.com,Male,47.136.114.237
608,Mariya,Duncanson,mduncansongv@drupal.org,Female,252.198.182.154
609,Michel,Spurdon,mspurdongw@fastcompany.com,Male,215.82.131.244
610,Lolly,Cracker,lcrackergx@microsoft.com,Female,71.18.247.56
611,Miles,Raine,mrainegy@seattletimes.com,Male,229.161.136.170
612,Ingrim,Belden,ibeldengz@dell.com,Male,43.78.54.130
613,Freddie,Varvara,fvarvarah0@cbslocal.com,Female,67.6.80.133
614,Bob,Goodram,bgoodramh1@ycombinator.com,Male,195.64.96.206
615,Melba,Lynagh,mlynaghh2@tripod.com,Female,225.118.94.36
616,Kylen,Rosenhaupt,krosenhaupth3@rambler.ru,Female,140.103.42.133
617,Amalita,Skitch,askitchh4@wikimedia.org,Agender,189.209.69.122
618,Kent,Duffin,kduffinh5@prnewswire.com,Male,36.121.43.34
619,Colin,Lace,claceh6@usatoday.com,Male,61.203.30.130
620,Eve,Iacovozzo,eiacovozzoh7@engadget.com,Female,244.73.27.169
621,Clemens,Vankeev,cvankeevh8@studiopress.com,Male,153.94.96.182
622,Nessie,Sarvar,nsarvarh9@lycos.com,Female,183.74.45.147
623,Joanie,Falkous,jfalkousha@edublogs.org,Female,128.237.101.53
624,Joeann,Braun,jbraunhb@unc.edu,Female,41.62.37.78
625,Betteann,Spink,bspinkhc@privacy.gov.au,Female,212.77.140.39
626,Libbey,Gilkison,lgilkisonhd@npr.org,Female,77.181.175.123
627,Tudor,Blaszczak,tblaszczakhe@ovh.net,Male,233.205.87.197
628,Chrotoem,Lain,clainhf@jigsy.com,Male,248.130.229.157
629,Davidson,Croisier,dcroisierhg@reverbnation.com,Male,201.117.225.242
630,Benito,Ponder,bponderhh@auda.org.au,Male,155.108.32.201
631,Loretta,Cathersides,lcathersideshi@webs.com,Genderqueer,187.185.142.60
632,Damita,Puig,dpuighj@networksolutions.com,Female,46.147.191.115
633,Hector,Freschi,hfreschihk@paginegialle.it,Male,157.200.227.62
634,Gilles,Bougourd,gbougourdhl@yolasite.com,Male,255.77.18.215
635,Bevan,Lemmens,blemmenshm@wired.com,Male,137.136.68.84
636,Vergil,Jagiela,vjagielahn@histats.com,Male,75.65.159.64
637,Gustavus,Bosomworth,gbosomworthho@gnu.org,Male,206.205.244.149
638,Gilburt,Chittim,gchittimhp@dmoz.org,Male,118.174.171.159
639,Johnnie,Gulston,jgulstonhq@vkontakte.ru,Male,156.19.229.248
640,Arnold,Welldrake,awelldrakehr@google.com,Male,11.93.121.200
641,Cathrine,Prosser,cprosserhs@amazonaws.com,Female,126.83.195.202
642,Editha,Bertie,ebertieht@discuz.net,Female,107.207.18.108
643,Timmy,Ballingal,tballingalhu@hubpages.com,Agender,97.43.108.86
644,Harrietta,Balchen,hbalchenhv@webs.com,Female,31.251.174.80
645,Jimmie,Yukhnev,jyukhnevhw@aol.com,Non-binary,139.189.254.146
646,Nickolaus,Eilhersen,neilhersenhx@webmd.com,Male,172.160.14.60
647,Stanislas,Cathersides,scathersideshy@rambler.ru,Male,116.168.253.115
648,Falito,Sidery,fsideryhz@flickr.com,Male,88.157.23.58
649,Stace,Treslove,streslovei0@businesswire.com,Female,188.116.32.88
650,Diane-marie,Brierly,dbrierlyi1@walmart.com,Female,190.193.170.19
651,Kean,Illing,killingi2@nsw.gov.au,Male,198.31.131.39
652,Martino,Forlonge,mforlongei3@narod.ru,Male,150.108.127.137
653,Caralie,Wrates,cwratesi4@facebook.com,Female,197.136.103.104
654,Giraud,Hexter,ghexteri5@usgs.gov,Male,231.16.130.157
655,Dante,Minchinton,dminchintoni6@ft.com,Male,15.37.157.238
656,Denyse,Letessier,dletessieri7@answers.com,Female,173.90.145.70
657,Orelee,Krinks,okrinksi8@google.cn,Female,252.146.193.202
658,Maren,Flescher,mflescheri9@mac.com,Female,231.196.201.141
659,Rooney,Brittles,rbrittlesia@si.edu,Male,29.151.75.180
660,Dorothee,Tomsu,dtomsuib@independent.co.uk,Female,152.49.240.39
661,Elisha,Baunton,ebauntonic@comsenz.com,Male,9.200.243.179
662,Andras,Stockbridge,astockbridgeid@yellowpages.com,Male,210.147.115.251
663,Harley,Hayworth,hhayworthie@godaddy.com,Male,33.213.212.219
664,Spense,Baldrick,sbaldrickif@t.co,Male,130.225.88.165
665,Caren,Ramplee,crampleeig@yellowbook.com,Genderqueer,58.46.235.126
666,Jessica,Burberow,jburberowih@irs.gov,Female,246.154.166.173
667,Patrizius,Matuszak,pmatuszakii@mysql.com,Male,205.50.82.108
668,Christye,Georgiev,cgeorgievij@aol.com,Female,205.247.43.127
669,Martina,Zapatero,mzapateroik@macromedia.com,Female,230.103.8.53
670,Cicely,Oldford,coldfordil@ycombinator.com,Female,176.22.23.112
671,Ursala,Kierans,ukieransim@reverbnation.com,Female,141.141.25.221
672,Elsbeth,Realy,erealyin@amazonaws.com,Female,16.31.112.6
673,Luelle,Fowlestone,lfowlestoneio@furl.net,Female,61.190.163.229
674,Aryn,Gosling,agoslingip@biblegateway.com,Female,195.244.0.180
675,Randie,De Benedetti,rdebenedettiiq@umich.edu,Male,97.103.254.83
676,Hartwell,Ellor,hellorir@last.fm,Male,17.133.100.58
677,Orelle,Iskower,oiskoweris@umn.edu,Female,250.162.17.66
678,Johna,Eake,jeakeit@technorati.com,Female,77.28.83.140
679,Ollie,Matskiv,omatskiviu@mediafire.com,Female,56.134.152.196
680,Teddy,Grabiec,tgrabieciv@whitehouse.gov,Female,234.202.67.184
681,Kacie,Ironside,kironsideiw@wufoo.com,Female,240.7.140.79
682,Juditha,Gibbard,jgibbardix@ebay.co.uk,Female,81.235.5.104
683,Allyce,Corroyer,acorroyeriy@t.co,Female,68.188.150.20
684,Steve,Conti,scontiiz@soundcloud.com,Male,50.2.203.139
685,Renell,Marjoribanks,rmarjoribanksj0@army.mil,Female,18.98.91.56
686,Magda,Chamberlain,mchamberlainj1@elegantthemes.com,Female,42.10.213.205
687,Michal,Rooper,mrooperj2@unicef.org,Male,85.177.202.13
688,Edwina,McElree,emcelreej3@msu.edu,Female,47.88.180.65
689,Venita,Snowdon,vsnowdonj4@tuttocitta.it,Female,44.31.100.194
690,Germain,Serman,gsermanj5@blogtalkradio.com,Male,19.200.111.90
691,Scotty,Fernao,sfernaoj6@forbes.com,Male,229.218.178.191
692,Heinrik,Jahan,hjahanj7@jigsy.com,Male,132.119.165.3
693,Cobby,Golthorpp,cgolthorppj8@example.com,Male,189.237.87.110
694,Thia,Sherrum,tsherrumj9@harvard.edu,Female,14.90.130.127
695,Zachariah,Gosnay,zgosnayja@wisc.edu,Male,175.113.245.211
696,Janeen,Filyushkin,jfilyushkinjb@cornell.edu,Female,179.230.199.5
697,Elbert,Mash,emashjc@51.la,Male,34.154.230.71
698,Cindra,Rohlf,crohlfjd@bizjournals.com,Female,138.9.137.92
699,Kalil,Clandillon,kclandillonje@wikimedia.org,Male,249.232.12.226
700,Delmor,Norrington,dnorringtonjf@usnews.com,Male,72.4.24.86
701,Florrie,Feeney,ffeeneyjg@vk.com,Female,173.244.150.199
702,Mattheus,Montrose,mmontrosejh@privacy.gov.au,Male,33.34.59.165
703,Ronny,Opie,ropieji@tumblr.com,Male,52.139.251.201
704,Bonnibelle,Epple,bepplejj@shutterfly.com,Genderqueer,163.85.37.158
705,Bernard,Chiles,bchilesjk@psu.edu,Male,167.180.172.73
706,Bobina,Taborre,btaborrejl@themeforest.net,Female,58.15.138.111
707,Llewellyn,Tynan,ltynanjm@walmart.com,Male,19.112.84.156
708,Roselia,Blackburn,rblackburnjn@intel.com,Female,92.28.201.143
709,Bondie,Tite,btitejo@dedecms.com,Male,95.166.15.111
710,Stephanus,Youhill,syouhilljp@rakuten.co.jp,Male,218.166.159.237
711,Krisha,McReidy,kmcreidyjq@newyorker.com,Male,111.204.25.136
712,Bryna,O' Ronan,boronanjr@wikispaces.com,Female,154.121.25.133
713,Farah,Vitler,fvitlerjs@dailymail.co.uk,Non-binary,29.129.243.170
714,Regen,Beadham,rbeadhamjt@google.com.hk,Male,225.3.236.24
715,Zeke,Eldritt,zeldrittju@nytimes.com,Male,0.204.71.209
716,Jayme,Halliday,jhallidayjv@mozilla.com,Male,98.129.13.127
717,Loni,Skillen,lskillenjw@nymag.com,Female,139.177.7.242
718,Skippie,Ivanichev,sivanichevjx@discuz.net,Agender,219.193.134.154
719,Ed,Dearlove,edearlovejy@privacy.gov.au,Non-binary,39.219.183.6
720,Moss,Biasetti,mbiasettijz@blinklist.com,Male,225.146.254.13
721,Bibbye,Lenham,blenhamk0@google.es,Female,191.241.129.77
722,Had,Giovanazzi,hgiovanazzik1@auda.org.au,Male,161.144.7.211
723,Kristoforo,Maron,kmaronk2@wordpress.com,Male,31.155.8.120
724,Derk,Lucia,dluciak3@abc.net.au,Male,71.84.132.98
725,Lannie,Redemile,lredemilek4@booking.com,Male,89.122.0.131
726,Ange,Loos,aloosk5@vimeo.com,Male,24.146.187.241
727,Denver,Tockell,dtockellk6@ca.gov,Male,13.180.114.221
728,Gerty,Benfell,gbenfellk7@guardian.co.uk,Female,67.184.65.62
729,Levin,Jaine,ljainek8@seesaa.net,Male,224.49.205.149
730,Aldin,Pehrsson,apehrssonk9@biblegateway.com,Male,44.135.19.228
731,Lizzie,Scadding,lscaddingka@desdev.cn,Female,245.52.80.109
732,Keslie,Leinthall,kleinthallkb@studiopress.com,Female,193.11.145.37
733,Raimondo,Nolte,rnoltekc@google.es,Male,149.91.77.16
734,Fair,Simmans,fsimmanskd@networksolutions.com,Male,181.177.140.6
735,Stace,Arniz,sarnizke@bizjournals.com,Female,202.57.165.199
736,Dale,Lafay,dlafaykf@forbes.com,Male,17.248.220.208
737,Ad,Mebes,amebeskg@archive.org,Male,108.23.244.128
738,Padgett,Potts,ppottskh@ucoz.com,Male,129.26.205.213
739,Worthington,Stoter,wstoterki@amazon.co.uk,Male,56.236.204.162
740,Gillan,Dy,gdykj@whitehouse.gov,Female,177.29.45.180
741,Stoddard,Stiell,sstiellkk@europa.eu,Female,179.126.12.136
742,Colman,Machon,cmachonkl@technorati.com,Male,186.72.228.60
743,Darryl,Pester,dpesterkm@msn.com,Female,66.250.94.89
744,Aguistin,Abrahams,aabrahamskn@digg.com,Male,216.199.149.45
745,Olimpia,Burkinshaw,oburkinshawko@senate.gov,Female,240.20.162.73
746,Bartlet,Figiovanni,bfigiovannikp@mayoclinic.com,Male,84.39.242.78
747,Annette,Lytlle,alytllekq@noaa.gov,Genderfluid,235.221.241.140
748,Liz,Pena,lpenakr@studiopress.com,Female,107.157.223.140
749,Geneva,Giannassi,ggiannassiks@theatlantic.com,Female,28.141.253.120
750,Morena,Hanton,mhantonkt@chron.com,Female,33.32.218.25
751,Leela,Blanshard,lblanshardku@geocities.jp,Female,239.212.24.110
752,Dagmar,Fausch,dfauschkv@adobe.com,Female,24.173.191.173
753,Ardath,Yellowlee,ayellowleekw@sciencedirect.com,Female,249.112.121.96
754,Darb,Dedam,ddedamkx@joomla.org,Male,136.232.135.68
755,Gwenny,Toolin,gtoolinky@boston.com,Female,165.79.183.254
756,Myrtia,Sibbs,msibbskz@reverbnation.com,Female,95.2.149.248
757,Valentine,Blew,vblewl0@rambler.ru,Female,215.183.232.132
758,Chloe,Hindrich,chindrichl1@zdnet.com,Female,125.231.37.100
759,Anjanette,Sponton,aspontonl2@pcworld.com,Female,209.136.216.173
760,Bucky,Harbach,bharbachl3@gmpg.org,Male,68.218.199.247
761,Lissy,Nicol,lnicoll4@twitter.com,Female,60.158.192.116
762,Janette,Antyshev,jantyshevl5@sina.com.cn,Female,176.189.52.197
763,Sunny,Dundendale,sdundendalel6@woothemes.com,Male,71.33.164.65
764,Mervin,Peperell,mpeperelll7@state.tx.us,Male,191.114.139.196
765,Nara,Vamplew,nvamplewl8@freewebs.com,Female,193.57.67.235
766,Dev,Proschek,dproschekl9@1und1.de,Male,112.224.18.127
767,Barret,Longfellow,blongfellowla@newsvine.com,Male,248.173.227.1
768,Craig,Schindler,cschindlerlb@arizona.edu,Genderqueer,86.148.234.43
769,Heather,Esselin,hesselinlc@narod.ru,Female,169.250.66.214
770,Mignon,Victoria,mvictoriald@wikispaces.com,Female,244.116.93.84
771,Greggory,Tireman,gtiremanle@gmpg.org,Male,23.24.37.243
772,Fianna,Linley,flinleylf@mail.ru,Female,190.123.63.64
773,Larissa,Sore,lsorelg@fc2.com,Female,14.68.207.134
774,Lauree,Cecil,lcecillh@usnews.com,Female,34.85.166.157
775,Brittni,Glanz,bglanzli@about.me,Female,63.61.135.112
776,Evelyn,Sackes,esackeslj@hao123.com,Male,45.98.165.159
777,Iver,Stean,isteanlk@facebook.com,Male,171.129.14.128
778,Gerick,Colvill,gcolvillll@list-manage.com,Genderfluid,85.182.41.174
779,Joseito,St. Paul,jstpaullm@mayoclinic.com,Male,242.158.64.114
780,Keith,Lawleff,klawleffln@twitter.com,Male,128.249.246.11
781,Conway,Brenton,cbrentonlo@google.nl,Male,96.165.150.21
782,Emmaline,Kittow,ekittowlp@g.co,Female,32.111.114.76
783,Alford,LLelweln,allelwelnlq@unblog.fr,Male,117.42.218.251
784,Magda,Lindwall,mlindwalllr@soup.io,Female,185.24.86.233
785,Emmett,Jozefowicz,ejozefowiczls@gizmodo.com,Male,105.88.11.58
786,Casey,Keymer,ckeymerlt@nih.gov,Male,145.113.151.193
787,Boonie,Blaske,bblaskelu@hubpages.com,Male,32.105.218.221
788,Way,Dunks,wdunkslv@oracle.com,Male,247.37.215.231
789,Harcourt,Malafe,hmalafelw@archive.org,Male,209.157.96.227
790,Maurise,Shadfourth,mshadfourthlx@simplemachines.org,Male,0.37.59.65
791,Lyndy,Fowlds,lfowldsly@desdev.cn,Female,46.168.178.121
792,Ardelia,Shird,ashirdlz@ask.com,Agender,113.149.79.186
793,Richy,Cluatt,rcluattm0@nsw.gov.au,Male,216.130.119.180
794,Daven,Mazzei,dmazzeim1@istockphoto.com,Male,45.42.151.181
795,Moina,Hatley,mhatleym2@businessweek.com,Female,173.211.125.249
796,Jordan,Quickenden,jquickendenm3@fastcompany.com,Female,161.36.164.213
797,Gene,Pavelka,gpavelkam4@japanpost.jp,Female,248.153.72.191
798,Friedrich,Beardshall,fbeardshallm5@cdbaby.com,Male,220.186.52.49
799,Payton,Gaddes,pgaddesm6@rakuten.co.jp,Male,221.211.2.50
800,Nickolas,Readitt,nreadittm7@bing.com,Male,241.13.6.79
801,Bernardo,Isakovic,bisakovicm8@vk.com,Male,125.159.45.96
802,Rosita,Firminger,rfirmingerm9@t-online.de,Female,180.24.141.95
803,Robena,Bras,rbrasma@cdc.gov,Female,27.247.22.18
804,Gunar,Govey,ggoveymb@microsoft.com,Male,245.133.109.56
805,Florian,Mathy,fmathymc@cbslocal.com,Male,41.2.207.210
806,Bond,Cattow,bcattowmd@indiatimes.com,Non-binary,132.204.47.83
807,Hale,Kemitt,hkemittme@arstechnica.com,Male,177.220.199.232
808,Harper,Onslow,honslowmf@vistaprint.com,Male,183.1.160.66
809,Zola,Faulo,zfaulomg@irs.gov,Female,233.3.189.148
810,Dino,Sagg,dsaggmh@hao123.com,Male,112.157.241.223
811,Rae,Kermode,rkermodemi@netvibes.com,Genderqueer,220.78.127.104
812,Hermine,Caldron,hcaldronmj@comcast.net,Non-binary,239.191.84.30
813,Emelyne,Morston,emorstonmk@nationalgeographic.com,Female,152.82.7.189
814,Terrie,Shale,tshaleml@squidoo.com,Female,86.230.38.108
815,Charis,Gathercoal,cgathercoalmm@bandcamp.com,Female,184.226.211.89
816,Gun,Mc Dermid,gmcdermidmn@examiner.com,Male,164.221.160.134
817,Caryl,MacMakin,cmacmakinmo@gnu.org,Female,249.148.97.201
818,Penn,Dansken,pdanskenmp@uiuc.edu,Bigender,30.171.135.134
819,Abbe,Pattemore,apattemoremq@de.vu,Male,207.110.139.156
820,Kerwin,Tippetts,ktippettsmr@google.cn,Male,103.161.36.253
821,Husein,Chrichton,hchrichtonms@mapquest.com,Male,81.34.30.200
822,Khalil,Deeman,kdeemanmt@sohu.com,Male,185.242.224.236
823,Audie,Zamora,azamoramu@java.com,Female,193.101.221.94
824,Karla,Tomovic,ktomovicmv@independent.co.uk,Female,162.166.102.173
825,Octavius,Eastwell,oeastwellmw@nih.gov,Male,172.58.19.109
826,Lawry,Kobes,lkobesmx@ted.com,Male,163.196.228.121
827,Ashlee,McGannon,amcgannonmy@zdnet.com,Female,101.131.89.99
828,Nicolai,Patkin,npatkinmz@tinypic.com,Male,147.47.255.49
829,Heath,Loder,hlodern0@github.com,Male,186.179.83.152
830,Maynord,Nern,mnernn1@yahoo.co.jp,Male,108.86.35.253
831,Marillin,Chard,mchardn2@youtu.be,Bigender,223.11.142.252
832,Dorine,Pomphrey,dpomphreyn3@rakuten.co.jp,Female,135.120.247.180
833,Fraser,M'Chirrie,fmchirrien4@twitpic.com,Male,187.166.229.30
834,Norrie,Ingolotti,ningolottin5@people.com.cn,Female,174.210.180.158
835,Agnola,Job,ajobn6@mail.ru,Female,186.244.174.134
836,Winna,Godlee,wgodleen7@merriam-webster.com,Female,81.38.1.199
837,Jefferson,Dampier,jdampiern8@odnoklassniki.ru,Male,120.160.100.88
838,Carolann,Kerwick,ckerwickn9@mit.edu,Female,142.86.59.11
839,Gris,Averay,gaverayna@illinois.edu,Male,187.55.176.36
840,Merrel,Maxwell,mmaxwellnb@cpanel.net,Male,24.111.252.198
841,Dorella,Charopen,dcharopennc@cbslocal.com,Female,154.73.236.44
842,Liesa,Matts,lmattsnd@wix.com,Genderfluid,186.149.77.39
843,Rupert,Gaishson,rgaishsonne@nationalgeographic.com,Male,14.79.244.210
844,Jarib,Spinage,jspinagenf@networkadvertising.org,Male,13.52.8.141
845,Ari,Ogley,aogleyng@spotify.com,Male,85.194.146.80
846,Othello,Haliday,ohalidaynh@yale.edu,Male,212.191.20.64
847,Harriott,Knagges,hknaggesni@accuweather.com,Female,159.199.25.106
848,Berny,Smittoune,bsmittounenj@issuu.com,Male,64.172.186.199
849,Sanson,Galego,sgalegonk@miitbeian.gov.cn,Male,4.247.3.142
850,Nettie,Ionnisian,nionnisiannl@networkadvertising.org,Female,249.3.113.13
851,Joyan,Brisset,jbrissetnm@cnbc.com,Female,231.160.26.186
852,Phineas,Coan,pcoannn@wordpress.com,Male,6.146.56.131
853,Alfie,Tukesby,atukesbyno@rambler.ru,Female,41.89.104.161
854,Prue,Gai,pgainp@ebay.com,Female,239.48.96.17
855,Colly,Torn,ctornnq@nsw.gov.au,Female,241.212.218.109
856,Constantine,Phettiplace,cphettiplacenr@technorati.com,Male,170.155.216.156
857,Zarla,Figgs,zfiggsns@goodreads.com,Female,133.103.64.152
858,Rafaelia,Tunaclift,rtunacliftnt@craigslist.org,Female,67.49.100.243
859,Collie,Jagels,cjagelsnu@digg.com,Female,41.62.204.120
860,Field,Richfield,frichfieldnv@stumbleupon.com,Male,14.92.238.166
861,Syman,Steanyng,ssteanyngnw@stumbleupon.com,Male,68.73.237.24
862,Lilith,Bradder,lbraddernx@nsw.gov.au,Female,247.217.182.255
863,Mattie,Buckthought,mbuckthoughtny@phpbb.com,Female,121.249.29.245
864,Inger,Marciek,imarcieknz@creativecommons.org,Male,88.75.75.115
865,Aurore,Linforth,alinfortho0@desdev.cn,Female,107.188.11.75
866,Carolina,Fawssett,cfawssetto1@umn.edu,Female,236.32.253.227
867,Ulla,Smalridge,usmalridgeo2@admin.ch,Female,180.149.186.232
868,Madeline,Windham,mwindhamo3@vinaora.com,Female,73.146.236.235
869,Conni,Snadden,csnaddeno4@yellowbook.com,Female,2.245.87.160
870,Scotti,Damper,sdampero5@theglobeandmail.com,Male,154.96.39.178
871,Mordecai,Ruusa,mruusao6@newsvine.com,Male,233.23.55.53
872,Francyne,Roust,frousto7@goodreads.com,Female,109.81.213.10
873,Myrna,Grigorini,mgrigorinio8@cdbaby.com,Female,238.208.100.195
874,Jeromy,Kincade,jkincadeo9@elpais.com,Male,97.45.214.206
875,Shirl,Bamling,sbamlingoa@fc2.com,Female,241.126.202.133
876,Nonna,Ovitts,novittsob@usatoday.com,Genderqueer,81.186.174.210
877,Aleece,Morshead,amorsheadoc@mayoclinic.com,Bigender,184.96.145.252
878,Radcliffe,Kempton,rkemptonod@lycos.com,Male,200.36.205.218
879,Dorelle,Franck,dfranckoe@blog.com,Female,99.208.16.158
880,Niki,Rymmer,nrymmerof@indiegogo.com,Male,144.204.186.187
881,Farrah,Labin,flabinog@indiatimes.com,Female,208.11.122.29
882,Garland,Scibsey,gscibseyoh@pbs.org,Genderfluid,163.152.150.15
883,Lamar,Bakhrushin,lbakhrushinoi@mashable.com,Male,156.161.62.93
884,Vyky,Simonian,vsimonianoj@dropbox.com,Female,116.251.241.150
885,Lavina,Morena,lmorenaok@upenn.edu,Female,229.18.45.204
886,Ashlin,Cunde,acundeol@examiner.com,Male,118.69.109.185
887,Darnell,McKeurton,dmckeurtonom@cbc.ca,Male,211.56.153.247
888,Bobbette,Middleton,bmiddletonon@gizmodo.com,Female,57.19.88.146
889,Maryrose,Lancashire,mlancashireoo@mozilla.org,Female,208.181.55.56
890,Claudian,Ranken,crankenop@mysql.com,Male,63.97.50.13
891,Barney,Maseres,bmaseresoq@yahoo.com,Male,36.131.12.166
892,Sidnee,Pengelley,spengelleyor@nymag.com,Male,73.122.114.118
893,Eryn,Tante,etanteos@youtu.be,Bigender,118.160.214.207
894,Marlee,Heers,mheersot@ed.gov,Female,95.39.122.145
895,Leo,Kirrens,lkirrensou@arstechnica.com,Male,143.221.92.178
896,Obadias,McCabe,omccabeov@aol.com,Male,83.134.162.240
897,Erroll,Aveline,eavelineow@sciencedaily.com,Male,235.60.40.101
898,Von,Sholl,vshollox@nymag.com,Male,53.184.159.161
899,Dilan,Jeanneau,djeanneauoy@oaic.gov.au,Male,68.211.240.250
900,Ebeneser,Howbrook,ehowbrookoz@alibaba.com,Male,136.230.128.107
901,Ida,Wingfield,iwingfieldp0@pen.io,Female,25.118.44.181
902,Shauna,Nattrass,snattrassp1@cisco.com,Female,59.162.2.207
903,Agace,Coffey,acoffeyp2@dagondesign.com,Female,223.236.77.210
904,Vanny,Cressingham,vcressinghamp3@bing.com,Female,152.44.241.60
905,Rebecka,Vonasek,rvonasekp4@issuu.com,Female,99.138.172.11
906,Aileen,Pizer,apizerp5@cbslocal.com,Female,111.74.238.11
907,Dietrich,Novelli,dnovellip6@mapquest.com,Male,94.247.213.32
908,Garnette,Greedier,ggreedierp7@cbc.ca,Female,243.150.176.52
909,Glendon,Zanazzi,gzanazzip8@mysql.com,Male,4.62.126.194
910,Pia,Fitzsymon,pfitzsymonp9@aboutads.info,Female,129.25.189.159
911,Koral,O'Henehan,kohenehanpa@rambler.ru,Female,56.141.169.30
912,Bobbye,Ascough,bascoughpb@digg.com,Female,152.32.33.58
913,Hardy,Clifton,hcliftonpc@desdev.cn,Male,72.206.195.11
914,Jaclin,Swain,jswainpd@unicef.org,Non-binary,46.7.218.207
915,Zulema,Gaukrodge,zgaukrodgepe@state.tx.us,Female,103.37.72.109
916,Aluin,Stear,astearpf@weather.com,Male,72.157.16.55
917,Vivyanne,Brotherheed,vbrotherheedpg@theglobeandmail.com,Female,171.246.138.103
918,Jane,Matuszewski,jmatuszewskiph@yandex.ru,Female,137.154.70.16
919,Ware,Leppard,wleppardpi@yahoo.com,Male,62.46.68.218
920,Minda,Sparry,msparrypj@nps.gov,Female,182.30.234.51
921,Angelle,Poacher,apoacherpk@ft.com,Female,241.114.41.114
922,Maridel,McVittie,mmcvittiepl@skyrock.com,Female,240.39.172.113
923,Eleanor,Keble,ekeblepm@wiley.com,Female,99.64.50.173
924,Cornie,Basili,cbasilipn@washington.edu,Male,237.35.250.46
925,Cloe,Divis,cdivispo@addtoany.com,Genderfluid,190.26.17.164
926,Matti,Mayte,mmaytepp@vinaora.com,Female,165.202.55.54
927,Rogerio,Basketfield,rbasketfieldpq@booking.com,Male,152.137.106.128
928,Diane,Cubbin,dcubbinpr@51.la,Genderqueer,162.174.54.43
929,Leela,Chorlton,lchorltonps@ycombinator.com,Female,225.114.212.138
930,Bond,Flode,bflodept@cmu.edu,Male,79.165.10.156
931,Hestia,Wherrit,hwherritpu@psu.edu,Female,95.253.95.62
932,Lynn,Dunk,ldunkpv@cdbaby.com,Male,138.30.193.168
933,Daffi,Niblock,dniblockpw@flavors.me,Female,189.64.180.58
934,Chiarra,Braunes,cbraunespx@samsung.com,Female,169.47.111.231
935,Moselle,Francisco,mfranciscopy@netvibes.com,Female,132.88.202.116
936,Si,Culverhouse,sculverhousepz@eepurl.com,Male,210.62.204.90
937,Mischa,Acock,macockq0@furl.net,Male,203.111.187.246
938,Ginevra,Colgan,gcolganq1@4shared.com,Female,146.72.5.53
939,Brew,Gheerhaert,bgheerhaertq2@eventbrite.com,Male,52.198.49.130
940,Madella,Roostan,mroostanq3@bravesites.com,Female,140.24.170.144
941,Kent,Cushion,kcushionq4@engadget.com,Male,181.49.31.145
942,Bell,Slowgrave,bslowgraveq5@e-recht24.de,Female,200.87.41.202
943,Theodora,Stife,tstifeq6@geocities.jp,Female,145.176.40.162
944,Vannie,Josh,vjoshq7@123-reg.co.uk,Female,183.134.198.253
945,Fan,Castagneto,fcastagnetoq8@lulu.com,Female,39.61.67.175
946,Elva,Jovic,ejovicq9@bizjournals.com,Female,77.212.66.3
947,Tammi,Stait,tstaitqa@amazon.de,Female,124.85.205.138
948,Florette,Peat,fpeatqb@businessinsider.com,Female,215.153.114.255
949,Isac,O' Clovan,ioclovanqc@arstechnica.com,Male,75.131.196.195
950,Serena,Salt,ssaltqd@msu.edu,Female,192.31.221.233
951,Bert,Katz,bkatzqe@typepad.com,Female,96.21.77.113
952,See,Ropp,sroppqf@ft.com,Male,47.130.243.117
953,Hilliard,Dawidowitz,hdawidowitzqg@aboutads.info,Male,231.136.184.137
954,Verne,Roo,vrooqh@shinystat.com,Male,191.17.193.140
955,Ruby,Tesyro,rtesyroqi@usatoday.com,Female,21.75.154.192
956,Dwight,Abisetti,dabisettiqj@php.net,Male,68.17.102.83
957,Timothy,Ector,tectorqk@dailymail.co.uk,Polygender,209.182.14.126
958,Natalya,Doerling,ndoerlingql@discuz.net,Female,170.129.242.220
959,Berny,Sarson,bsarsonqm@dropbox.com,Female,179.38.38.153
960,Betty,Kahler,bkahlerqn@nationalgeographic.com,Agender,13.150.157.53
961,Graeme,Roder,groderqo@nba.com,Male,214.19.88.204
962,Brooks,Tweddell,btweddellqp@usgs.gov,Male,11.178.117.68
963,Annabela,Melbourn,amelbournqq@youtu.be,Female,236.23.51.206
964,Kacie,Pothergill,kpothergillqr@bluehost.com,Female,112.37.96.109
965,Julian,Brisard,jbrisardqs@sitemeter.com,Male,155.39.109.177
966,Israel,Barbary,ibarbaryqt@cbc.ca,Male,14.203.149.160
967,Jerrome,Jenik,jjenikqu@hexun.com,Male,122.178.124.255
968,Gaylor,Jelk,gjelkqv@ifeng.com,Male,43.37.195.48
969,Wat,Denzilow,wdenzilowqw@csmonitor.com,Male,142.41.66.162
970,Gussie,Wylder,gwylderqx@dagondesign.com,Female,54.119.58.75
971,Brigham,Ing,bingqy@360.cn,Male,145.16.60.161
972,Dov,Derricoat,dderricoatqz@yahoo.com,Male,211.105.212.154
973,Tudor,Hartin,thartinr0@cmu.edu,Male,175.24.83.153
974,Sal,Dymond,sdymondr1@yolasite.com,Male,196.159.15.62
975,Arlin,Sauvage,asauvager2@who.int,Male,135.163.131.169
976,Frankie,Lowfill,flowfillr3@umn.edu,Male,127.231.56.19
977,Silvie,Caplan,scaplanr4@about.me,Female,99.196.114.228
978,Aristotle,Chomicz,achomiczr5@delicious.com,Male,242.21.108.189
979,Hermy,Ransley,hransleyr6@rambler.ru,Male,123.169.22.75
980,Oswald,Yeowell,oyeowellr7@tumblr.com,Male,157.182.178.70
981,Floria,Instrell,finstrellr8@cisco.com,Female,66.100.227.47
982,Donelle,Gircke,dgircker9@imageshack.us,Female,31.202.200.106
983,Brunhilda,Yurchenko,byurchenkora@parallels.com,Female,81.203.180.89
984,Brendin,Fleay,bfleayrb@chicagotribune.com,Male,26.122.88.230
985,Raimundo,Mellem,rmellemrc@tiny.cc,Male,205.169.51.104
986,Gerick,Ibotson,gibotsonrd@oracle.com,Non-binary,102.92.230.235
987,Ferguson,Luker,flukerre@google.cn,Male,192.176.133.3
988,Gabriell,Peddersen,gpeddersenrf@hostgator.com,Female,189.42.48.43
989,Pollyanna,Loughman,ploughmanrg@vk.com,Female,206.44.103.122
990,Bronson,Stanbridge,bstanbridgerh@youku.com,Male,98.158.28.46
991,Nikolai,Vlasov,nvlasovri@i2i.jp,Male,178.61.151.49
992,Hugibert,Carcass,hcarcassrj@tripod.com,Male,89.230.33.5
993,Mikol,Bengtsen,mbengtsenrk@slideshare.net,Male,94.148.234.68
994,Raleigh,Measham,rmeashamrl@guardian.co.uk,Male,249.216.207.28
995,Glenn,Gleave,ggleaverm@cnet.com,Polygender,199.184.47.225
996,Zonnya,Clewer,zclewerrn@elpais.com,Female,172.145.217.25
997,Guthrey,Danilov,gdanilovro@nasa.gov,Male,193.42.43.135
998,Mead,Keoghane,mkeoghanerp@intel.com,Male,162.246.172.199
999,Peirce,Vuittet,pvuittetrq@ucoz.ru,Male,165.104.255.75
1000,Janina,Delafont,jdelafontrr@ucla.edu,Female,91.93.28.14
